FIPS,Total population
6037101110,4152
6037101122,4198
6037101220,3434
6037101221,3931
6037101222,2572
6037101300,4210
6037101400,3489
6037102103,2054
6037102104,4052
6037102105,1664
6037102107,3595
6037103101,2705
6037103102,4468
6037103201,4425
6037103202,1945
6037103300,4021
6037103401,2552
6037103402,3809
6037104103,4257
6037104105,5890
6037104108,4952
6037104124,4090
6037104201,4325
6037104203,4978
6037104204,3736
6037104310,4476
6037104321,2926
6037104322,1856
6037104401,3083
6037104403,2292
6037104404,3374
6037104500,3539
6037104610,3124
6037104620,3266
6037104701,3916
6037104703,2306
6037104704,4662
6037104821,3476
6037104822,2199
6037104823,3195
6037104824,2582
6037106010,4049
6037106020,4850
6037106111,4707
6037106112,5035
6037106113,3835
6037106114,6929
6037106403,3860
6037106405,4149
6037106406,6292
6037106407,2333
6037106408,3832
6037106510,5599
6037106520,5484
6037106603,3681
6037106604,4349
6037106641,2096
6037106642,3514
6037106643,4311
6037106645,3672
6037106646,3092
6037106648,4713
6037106649,2689
6037107010,2997
6037107020,4921
6037108101,2128
6037108102,3477
6037108103,3053
6037108104,1754
6037108202,10248
6037108203,3157
6037108204,1782
6037109100,2861
6037109200,2863
6037109300,2905
6037109400,3620
6037109500,3907
6037109601,5042
6037109603,4038
6037109604,2721
6037109700,4259
6037109800,4625
6037111100,2965
6037111201,3275
6037111202,5742
6037111204,5902
6037111205,3627
6037111206,4295
6037111302,4967
6037111303,4567
6037111304,3082
6037111401,2193
6037111402,5998
6037113101,3540
6037113102,2980
6037113211,4138
6037113212,2872
6037113213,5068
6037113231,2233
6037113232,4777
6037113234,5640
6037113235,1690
6037113237,4765
6037113238,4596
6037113239,2134
6037113301,4255
6037113303,3799
6037113322,4761
6037113323,3904
6037113324,2837
6037113423,2845
6037113424,3133
6037113425,4254
6037113426,2302
6037113427,2386
6037113428,4120
6037115101,5034
6037115103,2606
6037115104,4404
6037115202,6034
6037115203,1929
6037115204,3953
6037115301,4438
6037115302,3839
6037115401,5637
6037115403,3379
6037115404,2619
6037117101,5233
6037117102,2427
6037117201,4108
6037117202,2818
6037117301,3808
6037117302,4950
6037117303,4162
6037117404,5216
6037117405,3048
6037117407,3185
6037117408,2505
6037117510,3790
6037117520,4345
6037117530,5741
6037119001,4283
6037119003,3332
6037119004,2759
6037119201,3976
6037119202,4674
6037119310,3767
6037119320,4292
6037119340,3748
6037119341,2744
6037119342,2791
6037119400,4650
6037119700,4414
6037119801,2702
6037119802,3094
6037119900,4503
6037120010,2643
6037120020,3973
6037120030,2576
6037120103,2879
6037120104,2603
6037120105,2755
6037120106,4282
6037120107,4130
6037120108,4558
6037120300,5469
6037120400,5820
6037121010,5213
6037121020,3481
6037121101,3345
6037121102,2254
6037121210,3168
6037121221,2047
6037121222,5111
6037121600,2604
6037121801,4302
6037121802,3192
6037121900,3329
6037122000,5326
6037122120,4387
6037122121,2726
6037122122,2562
6037122200,3625
6037122410,4083
6037122420,5328
6037123010,3828
6037123020,2804
6037123103,3893
6037123104,4700
6037123203,2926
6037123204,3333
6037123205,2834
6037123206,2470
6037123301,3956
6037123303,2842
6037123304,4435
6037123410,3469
6037123420,4453
6037123510,4652
6037123520,2488
6037123601,5498
6037123602,3099
6037123700,3827
6037123800,5552
6037123901,4369
6037123902,2758
6037124000,4502
6037124102,3653
6037124103,1891
6037124104,2777
6037124105,2191
6037124201,3445
6037124203,2063
6037124204,2537
6037124300,3094
6037124400,4470
6037124500,2728
6037124600,2849
6037124700,5251
6037124902,3129
6037124903,3964
6037125101,4465
6037125102,2053
6037125200,4203
6037125310,4170
6037125321,2840
6037125322,2090
6037125402,3821
6037125403,2594
6037125404,3001
6037125501,2969
6037125502,3696
6037125600,2990
6037127102,5292
6037127103,3354
6037127104,4327
6037127210,5434
6037127220,4750
6037127300,4301
6037127400,5638
6037127520,4868
6037127603,2873
6037127604,3151
6037127605,3682
6037127606,3218
6037127711,3231
6037127712,4047
6037127803,5002
6037127804,4433
6037127805,3514
6037127806,3729
6037127910,5072
6037127920,4385
6037128101,2823
6037128102,4892
6037128210,5000
6037128220,2992
6037128302,4559
6037128303,3432
6037128400,4274
6037128500,4401
6037128601,4842
6037128602,2687
6037128703,3576
6037128704,2328
6037128801,3864
6037128802,4317
6037128910,4528
6037131021,3237
6037131022,2877
6037131023,2655
6037131024,3894
6037131100,3017
6037131200,3681
6037131300,4316
6037131400,5895
6037131600,4942
6037131701,4877
6037131702,3669
6037131801,2879
6037131802,2337
6037131900,3959
6037132001,2714
6037132002,3585
6037132101,4113
6037132102,4993
6037132301,3616
6037132302,3176
6037132501,4658
6037132502,3398
6037132700,4922
6037132900,3877
6037133000,4096
6037133101,1709
6037133102,3926
6037134001,3457
6037134002,4024
6037134101,4660
6037134103,4172
6037134104,4076
6037134201,4062
6037134302,4411
6037134303,5455
6037134304,2863
6037134305,3693
6037134306,3699
6037134421,4401
6037134422,5079
6037134423,3417
6037134424,2835
6037134520,5178
6037134521,2736
6037134522,4521
6037134710,5304
6037134720,5545
6037134801,2951
6037134802,3123
6037134901,2469
6037134904,4866
6037134905,6046
6037134906,2933
6037134907,3854
6037135102,3848
6037135111,3807
6037135113,2980
6037135115,3921
6037135116,1507
6037135201,2999
6037135202,4745
6037135204,4665
6037135205,1874
6037137000,4823
6037137103,5100
6037137104,2233
6037137202,3368
6037137203,2595
6037137301,2182
6037137302,4564
6037137401,4673
6037137402,5905
6037137501,5495
6037137502,4582
6037137504,1889
6037138000,4777
6037139001,5515
6037139200,5758
6037139301,4137
6037139302,5001
6037139303,4807
6037139401,2431
6037139402,2834
6037139502,3315
6037139504,3764
6037139505,2512
6037139506,3109
6037139600,5164
6037139701,5635
6037139703,2554
6037139704,2871
6037139705,4011
6037139801,3514
6037139802,3832
6037141101,4691
6037141102,2959
6037141201,3954
6037141202,3111
6037141303,3055
6037141304,2947
6037141305,2913
6037141306,3222
6037141400,5021
6037141500,2887
6037141600,4035
6037141700,3086
6037143101,2216
6037143102,2174
6037143200,4215
6037143301,3273
6037143302,3301
6037143401,5300
6037143402,1959
6037143500,5325
6037143602,4816
6037143603,2452
6037143605,1899
6037143606,1759
6037143700,3380
6037143801,3201
6037143802,2273
6037143901,4055
6037143902,3167
6037181000,5588
6037181300,4053
6037181400,4463
6037181500,4014
6037181600,4208
6037183101,2962
6037183103,4424
6037183104,1940
6037183220,2954
6037183221,3192
6037183222,3459
6037183300,3140
6037183401,2592
6037183402,3175
6037183510,2432
6037183520,3492
6037183610,2826
6037183620,3067
6037183701,3445
6037183702,3007
6037183810,4139
6037183820,3573
6037185101,2408
6037185102,3503
6037185202,4099
6037185203,2497
6037185204,1888
6037185310,2871
6037185320,2871
6037186100,4633
6037186201,3374
6037186202,1808
6037186203,2753
6037186301,2729
6037186302,4719
6037186401,2948
6037186403,2533
6037186404,2528
6037187101,3114
6037187102,4494
6037187200,2908
6037187300,3820
6037188100,3756
6037188201,2839
6037188202,3043
6037188300,3228
6037189101,2461
6037189102,3797
6037189201,2779
6037189202,3167
6037189300,2754
6037189400,3011
6037189501,2214
6037189502,1842
6037189600,3658
6037189702,2393
6037189703,1993
6037189704,2099
6037189801,2192
6037189802,1979
6037189903,2191
6037189904,2432
6037189905,2421
6037189906,2491
6037189907,2543
6037190101,1599
6037190102,2249
6037190201,3673
6037190202,2720
6037190302,2711
6037190303,2544
6037190401,2784
6037190402,2419
6037190510,3884
6037190520,3462
6037190701,1643
6037190702,1412
6037190801,3073
6037190802,2973
6037190901,3420
6037190902,3925
6037191000,5335
6037191110,3808
6037191120,3776
6037191201,5722
6037191203,2010
6037191204,1532
6037191301,2077
6037191302,1825
6037191410,3363
6037191420,3065
6037191500,5491
6037191610,3653
6037191620,2773
6037191710,2569
6037191720,3408
6037191810,2780
6037191820,3777
6037191901,4309
6037191902,2813
6037192001,2167
6037192002,2611
6037192300,2642
6037192410,4285
6037192420,3360
6037192510,3991
6037192520,4884
6037192610,4106
6037192620,3362
6037192700,3070
6037194101,3273
6037194102,2504
6037194200,3378
6037194300,2887
6037194401,2613
6037194402,3071
6037194500,2116
6037195100,4976
6037195201,2813
6037195202,3349
6037195300,2976
6037195400,4348
6037195500,5138
6037195600,2821
6037195710,4274
6037195720,1694
6037195802,2865
6037195803,2328
6037195804,2555
6037195901,2566
6037195902,1847
6037195903,1970
6037197200,3639
6037197300,3734
6037197410,3805
6037197420,3621
6037197500,3992
6037197600,2080
6037197700,4780
6037199001,2307
6037199002,2866
6037199110,2369
6037199120,3704
6037199201,3592
6037199202,2450
6037199300,3839
6037199400,4373
6037199700,2936
6037199801,3842
6037199802,1975
6037199900,2295
6037201110,2279
6037201120,3843
6037201200,2677
6037201301,3403
6037201302,4083
6037201401,4177
6037201402,4113
6037201501,5468
6037201503,3133
6037201504,2063
6037201601,2310
6037201602,2766
6037201700,5128
6037203100,4302
6037203200,4995
6037203300,2105
6037203500,2831
6037203601,2664
6037203602,1964
6037203710,3457
6037203720,3556
6037203800,4817
6037203900,2839
6037204110,2863
6037204120,2480
6037204200,3317
6037204300,4873
6037204410,2467
6037204420,3101
6037204600,3954
6037204700,4524
6037204810,4932
6037204820,2066
6037204910,3356
6037204920,2459
6037205110,3690
6037205120,3409
6037206010,3490
6037206020,8179
6037206050,2290
6037206051,1535
6037206052,3153
6037206053,3057
6037206054,2456
6037206201,2127
6037206202,1711
6037206301,1991
6037206302,1904
6037206303,2430
6037207101,3852
6037207102,3340
6037207103,2112
6037207303,2359
6037207304,2358
6037207305,959
6037207306,2225
6037207307,1439
6037207308,1229
6037207400,2273
6037207501,2106
6037207502,3906
6037207711,2627
6037207712,4927
6037207901,3801
6037207902,7354
6037208001,2581
6037208002,4041
6037208301,1693
6037208302,4715
6037208401,3852
6037208402,2516
6037208501,2458
6037208502,3801
6037208610,4277
6037208620,4000
6037208710,4895
6037208720,3406
6037208801,3368
6037208802,2772
6037208902,2399
6037208903,3819
6037208904,3590
6037209103,3226
6037209104,2567
6037209105,3153
6037209106,2101
6037209201,3298
6037209202,1410
6037209300,4934
6037209401,3689
6037209402,4102
6037209403,4721
6037209510,2656
6037209520,2373
6037209810,2678
6037209820,2498
6037210010,3192
6037211000,5313
6037211121,2318
6037211122,2645
6037211123,1816
6037211124,4287
6037211201,2694
6037211202,2254
6037211310,3484
6037211320,3253
6037211410,2913
6037211420,3495
6037211500,3857
6037211701,2781
6037211703,4564
6037211704,2668
6037211802,4448
6037211803,3635
6037211804,3194
6037211910,3951
6037211921,2001
6037211922,3353
6037212101,2741
6037212102,2955
6037212202,3676
6037212203,2946
6037212204,3720
6037212303,3838
6037212304,1781
6037212305,2711
6037212306,2816
6037212410,4226
6037212420,2661
6037212501,1890
6037212502,3282
6037212610,4211
6037212620,3818
6037212701,2317
6037212702,3389
6037212800,3386
6037212900,3684
6037213100,2790
6037213201,4079
6037213202,3675
6037213310,2519
6037213320,2471
6037213401,4573
6037213402,4477
6037214000,3950
6037214100,3787
6037214400,3008
6037214501,3477
6037214503,3513
6037214504,3609
6037214505,1581
6037214600,2266
6037214700,2517
6037214800,2880
6037214902,2569
6037214903,1568
6037214904,1459
6037215101,3024
6037215102,3322
6037216100,2393
6037216201,2591
6037216202,2525
6037216301,1414
6037216302,3158
6037216401,3660
6037216402,2663
6037216700,3441
6037216800,3333
6037216901,2799
6037216902,2201
6037217001,2777
6037217002,4952
6037217101,2674
6037217102,2773
6037217200,3976
6037218110,3167
6037218120,3571
6037218210,4124
6037218220,4042
6037218300,4811
6037218400,3996
6037218500,2739
6037218600,3129
6037218701,1880
6037218702,2705
6037218800,2732
6037218900,5444
6037219010,3214
6037219020,4326
6037219300,3772
6037219500,1965
6037219700,4198
6037219800,3033
6037219901,5206
6037219902,3509
6037220000,4505
6037220100,2463
6037221110,3037
6037221120,2946
6037221210,2945
6037221220,2752
6037221302,3259
6037221303,2531
6037221304,3707
6037221401,2965
6037221402,2965
6037221500,3527
6037221601,3264
6037221602,2223
6037221710,2658
6037221810,2433
6037221820,2529
6037221900,4572
6037222001,2837
6037222002,4719
6037222100,4086
6037222200,3642
6037222500,4194
6037222600,5268
6037222700,4316
6037224010,2974
6037224020,2816
6037224200,2174
6037224310,1779
6037224320,3593
6037224410,2783
6037224420,2168
6037224600,3078
6037224701,2463
6037224702,2508
6037226001,2027
6037226002,1873
6037226410,3561
6037226420,5225
6037226701,2518
6037226702,3993
6037227010,4279
6037227020,3506
6037228100,4392
6037228210,3801
6037228220,4470
6037228310,4493
6037228320,3420
6037228410,3096
6037228420,2893
6037228500,4836
6037228600,4734
6037228710,4104
6037228720,4909
6037228800,5375
6037228900,3187
6037229100,4572
6037229200,4550
6037229300,5742
6037229410,3897
6037229420,4611
6037231100,3407
6037231210,4261
6037231220,4143
6037231301,2570
6037231302,2890
6037231400,4480
6037231500,5048
6037231601,2230
6037231602,1870
6037231603,2895
6037231710,4026
6037231720,5174
6037231800,5469
6037231901,3440
6037231902,3207
6037232110,3491
6037232120,4935
6037232200,3765
6037232300,4766
6037232401,3582
6037232402,3098
6037232500,5422
6037232601,1688
6037232602,5524
6037232701,2348
6037232702,4414
6037232800,4184
6037234001,2517
6037234002,2896
6037234200,2605
6037234301,1779
6037234302,2459
6037234501,2770
6037234502,2601
6037234600,4694
6037234700,3838
6037234800,3534
6037234901,2916
6037234902,4535
6037235100,4032
6037235201,2880
6037235202,3887
6037236001,4063
6037236101,2606
6037236102,3510
6037236203,3615
6037236204,3387
6037236205,3070
6037236206,3175
6037236400,4390
6037237101,4136
6037237102,3970
6037237201,3766
6037237202,4404
6037237300,5762
6037237401,3906
6037237402,3618
6037237500,2727
6037237600,4092
6037237710,4372
6037237720,3447
6037237800,4160
6037237900,4040
6037238000,5438
6037238100,5205
6037238200,6827
6037238310,5102
6037238320,3513
6037238400,4495
6037239201,3400
6037239202,5385
6037239310,4021
6037239320,3105
6037239330,3119
6037239501,3583
6037239502,3691
6037239601,3753
6037239602,3753
6037239701,4021
6037239702,4687
6037239801,4174
6037239802,5426
6037240010,3962
6037240020,5366
6037240200,5737
6037240301,2870
6037240302,3013
6037240401,5911
6037240402,3904
6037240500,6415
6037240600,4807
6037240700,6429
6037240800,4749
6037240901,2503
6037240902,3614
6037241001,4457
6037241002,3830
6037241110,3585
6037241120,4245
6037241201,3147
6037241202,4825
6037241300,2378
6037241400,3901
6037242000,4161
6037242100,2402
6037242201,4004
6037242202,2729
6037242300,4851
6037242600,4714
6037242700,4723
6037243001,3246
6037243002,2721
6037243100,5186
6037261102,3990
6037261103,1722
6037261104,1672
6037261200,3880
6037262100,2721
6037262200,4630
6037262301,2976
6037262302,2940
6037262303,2824
6037262400,2893
6037262501,3732
6037262601,3418
6037262604,5884
6037262704,3595
6037262706,3383
6037262802,3636
6037264000,3083
6037264102,2965
6037264103,2748
6037264303,2702
6037264304,2264
6037264305,4526
6037264306,1694
6037265100,2301
6037265201,2491
6037265203,1993
6037265204,1466
6037265301,12987
6037265303,4468
6037265304,3088
6037265306,1806
6037265307,2407
6037265410,1726
6037265420,1636
6037265521,1585
6037265522,2332
6037265523,2286
6037265524,2768
6037265601,3045
6037265602,3057
6037265701,1845
6037265702,3107
6037267101,2891
6037267102,2957
6037267201,2832
6037267202,3779
6037267300,4155
6037267403,3559
6037267404,3547
6037267405,2423
6037267406,1932
6037267502,3281
6037267503,2216
6037267504,3568
6037267600,2469
6037267700,3753
6037267800,3483
6037267901,3106
6037267902,3609
6037269000,4867
6037269100,4264
6037269300,3771
6037269500,4202
6037269601,3465
6037269602,2217
6037269700,3858
6037269800,3140
6037269903,3487
6037269905,2234
6037269906,2998
6037269907,2553
6037269908,1916
6037269909,2088
6037270101,1796
6037270102,2154
6037270200,3606
6037270300,2560
6037271100,2317
6037271200,2495
6037271300,5216
6037271400,3203
6037271500,2928
6037271600,5370
6037271702,4293
6037271703,2754
6037271704,2982
6037271801,3368
6037271803,3188
6037271804,2293
6037271901,3358
6037271902,3987
6037272100,4441
6037272201,2022
6037272202,3034
6037272301,3265
6037272302,3779
6037273100,3026
6037273200,2778
6037273300,2857
6037273403,1360
6037273404,1508
6037273502,2571
6037273600,2138
6037273700,2751
6037273800,2945
6037273902,4238
6037274100,4365
6037274202,3858
6037275101,935
6037275102,4043
6037275200,3793
6037275311,4805
6037275312,2042
6037275313,3583
6037275400,4487
6037275500,5102
6037275603,2778
6037275604,10392
6037275605,2878
6037276000,6682
6037276101,3424
6037276102,3365
6037276400,4448
6037276500,5508
6037276601,4101
6037276605,2461
6037276606,3384
6037276607,2879
6037276608,1874
6037277000,6014
6037277100,3285
6037277200,1796
6037277400,0
6037278001,2349
6037278102,2973
6037291110,4192
6037291120,2041
6037291130,3233
6037291210,4766
6037291220,2942
6037291300,3025
6037292001,4511
6037292002,1968
6037293203,2785
6037293204,3694
6037293205,3372
6037293206,2696
6037293301,2556
6037293302,4496
6037293304,4796
6037293306,2424
6037293307,2532
6037294110,3866
6037294120,2618
6037294200,4306
6037294301,2798
6037294302,4490
6037294410,5142
6037294421,2694
6037294510,4361
6037294520,3563
6037294610,4359
6037294620,3860
6037294701,2692
6037294810,3830
6037294820,3275
6037294830,3927
6037294900,4045
6037295103,5081
6037296210,3365
6037296220,4124
6037296300,5103
6037296401,3251
6037296402,3175
6037296500,3746
6037296600,5368
6037296901,4202
6037296902,4792
6037297001,1694
6037297002,4508
6037297110,4584
6037297120,3517
6037297201,3964
6037297202,4112
6037297300,2074
6037297400,3607
6037297501,2586
6037297502,2602
6037297601,3556
6037297602,3575
6037300100,6511
6037300200,5550
6037300301,5834
6037300400,5810
6037300501,2911
6037300503,4968
6037300601,5899
6037300602,3251
6037300701,5129
6037300702,5450
6037300800,7139
6037300901,5475
6037300902,2077
6037301000,5512
6037301100,7113
6037301203,3768
6037301204,4705
6037301205,2078
6037301206,5510
6037301300,2047
6037301400,3970
6037301501,1774
6037301502,7329
6037301601,5388
6037301602,3657
6037301701,2661
6037301702,6020
6037301801,5625
6037301802,5403
6037301901,3884
6037301902,3261
6037302002,4016
6037302003,3740
6037302004,4184
6037302102,5866
6037302103,4995
6037302104,3521
6037302201,3718
6037302202,4924
6037302301,3765
6037302302,5245
6037302401,7673
6037302503,3978
6037302504,3519
6037302505,3972
6037302506,3385
6037310100,5535
6037310201,5082
6037310202,4718
6037310300,3032
6037310400,3636
6037310501,3699
6037310601,6498
6037310602,2735
6037310701,2429
6037310703,5270
6037310704,4470
6037310705,2530
6037310800,5123
6037310900,6810
6037311000,3764
6037311100,3998
6037311200,3171
6037311300,3915
6037311400,2320
6037311500,5963
6037311601,2947
6037311602,4546
6037311700,5852
6037311801,2922
6037311802,4200
6037320101,3402
6037320102,3681
6037320201,4058
6037320202,6000
6037320300,6575
6037400205,2478
6037400206,5525
6037400207,4627
6037400208,1388
6037400209,4581
6037400304,8310
6037400402,4185
6037400403,4123
6037400404,4039
6037400501,1897
6037400602,4382
6037400603,4947
6037400605,7178
6037400801,6935
6037401001,2626
6037401002,4324
6037401101,5695
6037401102,4073
6037401201,3612
6037401202,4344
6037401203,4757
6037401303,2242
6037401304,4939
6037401311,6923
6037401312,4712
6037401500,6022
6037401601,5428
6037401602,5570
6037401705,2784
6037401706,4533
6037401707,8607
6037401801,4570
6037401802,3724
6037401901,4095
6037401902,6101
6037402001,4125
6037402002,3935
6037402101,4856
6037402102,5136
6037402200,7069
6037402301,5468
6037402303,3779
6037402304,3942
6037402403,5226
6037402404,1642
6037402405,2428
6037402406,4601
6037402501,4856
6037402503,4330
6037402504,2295
6037402601,2854
6037402602,4841
6037402702,4937
6037402703,5401
6037402705,3596
6037402706,3658
6037402801,4335
6037402803,3477
6037402804,4145
6037402902,6896
6037402903,3650
6037402904,3615
6037403000,6991
6037403305,2318
6037403316,7007
6037403317,5152
6037403318,5909
6037403319,4206
6037403320,5384
6037403321,5392
6037403323,5592
6037403324,5947
6037403325,4853
6037403326,2328
6037403327,2431
6037403328,5333
6037403401,4911
6037403402,3243
6037403403,5177
6037403404,2200
6037403407,2265
6037403408,6164
6037403409,3897
6037403500,1438
6037403601,6590
6037403702,4186
6037403703,4786
6037403721,5569
6037403722,5437
6037403801,5605
6037403802,6221
6037403901,2976
6037403902,5250
6037404000,4547
6037404100,6307
6037404201,3551
6037404203,4165
6037404301,6257
6037404302,2412
6037404401,3902
6037404402,4624
6037404501,2721
6037404503,2988
6037404504,4844
6037404600,1352
6037404701,5737
6037404702,4792
6037404703,3209
6037404804,4223
6037404805,2922
6037404806,5842
6037404901,5363
6037404902,3343
6037404903,2677
6037405001,5366
6037405002,3271
6037405101,5368
6037405102,4850
6037405201,5421
6037405202,4208
6037405203,3038
6037405301,2977
6037405302,5688
6037405400,5027
6037405500,6207
6037405600,5748
6037405701,3637
6037405702,5159
6037405800,5514
6037405900,4217
6037406000,5235
6037406101,3206
6037406103,8008
6037406201,3655
6037406300,5730
6037406413,6398
6037406500,7917
6037406601,5037
6037406602,4676
6037406701,3198
6037406702,7019
6037406801,4972
6037406903,7307
6037407001,5934
6037407002,3372
6037407101,4315
6037407102,5415
6037407201,3425
6037407202,3082
6037407301,3752
6037407302,3593
6037407400,1848
6037407501,4241
6037407502,3905
6037407601,4203
6037407602,4026
6037407701,4418
6037407702,6536
6037407801,5148
6037407802,3207
6037407901,4317
6037407902,1632
6037408003,4687
6037408004,2414
6037408005,5367
6037408006,3878
6037408133,5988
6037408134,2641
6037408135,4336
6037408136,3718
6037408137,4099
6037408138,4889
6037408139,4478
6037408140,3409
6037408141,4075
6037408212,4750
6037408213,5787
6037408301,5923
6037408302,3350
6037408303,4228
6037408401,4352
6037408402,6286
6037408503,6923
6037408504,5418
6037408505,2373
6037408623,3117
6037408624,3054
6037408625,3873
6037408626,3778
6037408627,2626
6037408628,5591
6037408629,3069
6037408631,5014
6037408703,5547
6037408705,5540
6037408707,6507
6037408722,4244
6037408724,5435
6037408725,5854
6037408800,4759
6037408900,5529
6037409000,7610
6037409100,5576
6037430003,4848
6037430004,3331
6037430005,3822
6037430101,5018
6037430102,4902
6037430200,1041
6037430301,4694
6037430302,4859
6037430400,4267
6037430501,4526
6037430502,6494
6037430600,4291
6037430701,5074
6037430721,3303
6037430723,5075
6037430724,5018
6037430801,7235
6037430802,4008
6037430803,5079
6037430901,4169
6037430902,5111
6037431002,3072
6037431003,4754
6037431004,3343
6037431100,7321
6037431200,6459
6037431300,2620
6037431400,3770
6037431501,3874
6037431502,4531
6037431600,3913
6037431701,6323
6037431800,5324
6037431900,3688
6037432001,2261
6037432002,5416
6037432101,4756
6037432102,5479
6037432201,4693
6037432202,3544
6037432300,3960
6037432401,4217
6037432402,5378
6037432501,4199
6037432502,4310
6037432601,6453
6037432602,4461
6037432700,4592
6037432801,2307
6037432802,5389
6037432901,4265
6037432902,2993
6037433103,6702
6037433200,6089
6037433302,1837
6037433304,3999
6037433305,4570
6037433306,3056
6037433307,2738
6037433402,4616
6037433403,4860
6037433505,3981
6037433506,3579
6037433601,4873
6037433602,2730
6037433803,3240
6037433804,4581
6037433901,5401
6037433903,5432
6037434001,4531
6037434003,3704
6037434004,3136
6037434100,5919
6037460001,1853
6037460002,2748
6037460101,5650
6037460200,5841
6037460301,4779
6037460302,4399
6037460401,1093
6037460501,5249
6037460502,4810
6037460601,5244
6037460700,4791
6037460800,2792
6037460900,6394
6037461000,5493
6037461100,5153
6037461200,4320
6037461300,6027
6037461400,2695
6037461501,3559
6037461502,6056
6037461600,5161
6037461700,1344
6037461901,4658
6037461902,2004
6037462001,4303
6037462002,3577
6037462100,4710
6037462201,3615
6037462202,3206
6037462301,3924
6037462302,3377
6037462400,3870
6037462500,6482
6037462600,2392
6037462700,5755
6037462800,2919
6037462900,3654
6037463000,2726
6037463103,5607
6037463200,3262
6037463300,2014
6037463400,5869
6037463500,6173
6037463601,6245
6037463602,5896
6037463700,3429
6037463800,3993
6037463900,3115
6037464000,5348
6037464101,2223
6037464102,4381
6037464200,5675
6037480002,3843
6037480011,5220
6037480012,4751
6037480101,4106
6037480102,3957
6037480201,3744
6037480202,2712
6037480302,3992
6037480303,4426
6037480304,4145
6037480400,5893
6037480500,5301
6037480601,4044
6037480602,4302
6037480702,4501
6037480703,4074
6037480704,4075
6037480802,3220
6037480803,3027
6037480804,4675
6037480901,3901
6037480902,4012
6037480903,2873
6037481001,4582
6037481002,5748
6037481101,4275
6037481102,3603
6037481103,5315
6037481201,4000
6037481203,6768
6037481300,3072
6037481401,5433
6037481403,3132
6037481404,3867
6037481500,4336
6037481603,3580
6037481604,4183
6037481605,2811
6037481606,4916
6037481711,4397
6037481712,5182
6037481713,2727
6037481714,2595
6037481800,2282
6037481901,5562
6037481902,3319
6037482001,2647
6037482002,6821
6037482101,4525
6037482102,3295
6037482201,3857
6037482202,5441
6037482301,4855
6037482303,4766
6037482304,2877
6037482401,3647
6037482403,3254
6037482404,3429
6037482502,3520
6037482503,4007
6037482521,5385
6037482522,4165
6037482600,6377
6037482701,3856
6037482702,2392
6037482801,3826
6037500100,3687
6037500202,4919
6037500203,4156
6037500204,2361
6037500300,2691
6037500402,4660
6037500403,3841
6037500404,4401
6037500500,2820
6037500600,5857
6037500700,6413
6037500800,4717
6037500900,5256
6037501001,3015
6037501002,4598
6037501200,4982
6037501301,2978
6037501302,4534
6037501400,3443
6037501501,1963
6037501503,5418
6037501504,3317
6037501600,7339
6037501700,3793
6037501802,3219
6037501803,4690
6037501804,2133
6037501900,4330
6037502003,2675
6037502004,3695
6037502005,4392
6037502100,5339
6037502200,7093
6037502303,8229
6037502401,5074
6037502402,3470
6037502500,4255
6037502602,4178
6037502603,3329
6037502604,3682
6037502700,7569
6037502801,6449
6037502901,5457
6037503000,5594
6037503103,5595
6037503104,2344
6037503105,3394
6037503106,3961
6037503201,3878
6037503202,4217
6037503301,3436
6037503302,6070
6037503401,7145
6037503402,3845
6037503501,6913
6037503502,3842
6037503601,4140
6037503602,3786
6037503701,4896
6037503702,5165
6037503704,4365
6037503705,2928
6037503801,3718
6037503802,5186
6037503901,2217
6037503902,5065
6037504001,5141
6037504002,5331
6037504101,5068
6037504200,7160
6037530005,3430
6037530006,4698
6037530007,6453
6037530101,5163
6037530102,4817
6037530202,4133
6037530203,2803
6037530204,3735
6037530301,2100
6037530302,6189
6037530400,3576
6037530500,4001
6037530603,4439
6037530700,2070
6037530801,5914
6037530802,3224
6037530901,3954
6037530902,3745
6037531000,4609
6037531101,4525
6037531102,2428
6037531201,4180
6037531202,4493
6037531301,5450
6037531302,5648
6037531502,3209
6037531503,2445
6037531504,3990
6037531602,3747
6037531603,3483
6037531604,3065
6037531701,5398
6037531702,4832
6037531800,4508
6037531901,6664
6037531902,4014
6037532001,3133
6037532002,3348
6037532101,7260
6037532102,3655
6037532200,6445
6037532302,4622
6037532303,4111
6037532304,3968
6037532500,3736
6037532605,4431
6037532606,4052
6037532607,5150
6037532700,3128
6037532800,4291
6037532900,6247
6037533001,4368
6037533002,2217
6037533103,3189
6037533104,4307
6037533105,2476
6037533108,4758
6037533201,2157
6037533204,4099
6037533300,3061
6037533401,4534
6037533402,3988
6037533403,2507
6037533501,2796
6037533504,3879
6037533601,4227
6037533602,5081
6037533603,6314
6037533701,2909
6037533702,3678
6037533703,3916
6037533803,5723
6037533804,3666
6037533805,3883
6037533806,3307
6037533901,5170
6037533902,4339
6037534001,5154
6037534002,3982
6037534101,1898
6037534102,5860
6037534201,4097
6037534202,4875
6037534203,3286
6037534301,4028
6037534302,3835
6037534403,3311
6037534404,3118
6037534405,3925
6037534406,4108
6037534501,5441
6037534502,3187
6037534700,4165
6037534802,2466
6037534803,4517
6037534804,4298
6037534900,6133
6037535001,4166
6037535002,3665
6037535101,7981
6037535102,4522
6037535200,5799
6037535300,5818
6037535400,3388
6037535501,2966
6037535502,5003
6037535503,2495
6037535603,3754
6037535604,4242
6037535605,4658
6037535606,1899
6037535607,4611
6037535701,5757
6037535702,5756
6037535802,6316
6037535803,3549
6037535804,6041
6037535901,6051
6037535902,5735
6037536000,3182
6037536102,3405
6037536103,5162
6037536104,3481
6037536201,3559
6037536202,4214
6037540000,6734
6037540101,6345
6037540102,5652
6037540201,2269
6037540202,7196
6037540203,5075
6037540300,4429
6037540400,1906
6037540501,5455
6037540502,6765
6037540600,4395
6037540700,3205
6037540800,5514
6037540901,5169
6037540902,4281
6037541003,4650
6037541100,3108
6037541200,6074
6037541300,5545
6037541401,3414
6037541402,3218
6037541500,5105
6037541603,2821
6037541604,5223
6037541605,5060
6037541606,2783
6037541700,5571
6037541801,5648
6037541802,5114
6037542000,5241
6037542103,3288
6037542104,4050
6037542105,5047
6037542106,2319
6037542200,6879
6037542401,4370
6037542402,4023
6037542501,4368
6037542502,4573
6037542601,3306
6037542602,5249
6037542700,5732
6037542800,3230
6037542900,3535
6037543000,4204
6037543100,6692
6037543201,3525
6037543203,4081
6037543304,6788
6037543305,3803
6037543306,6821
6037543321,5789
6037543322,6951
6037543400,3599
6037543501,6326
6037543502,4550
6037543503,5329
6037543601,4531
6037543603,3795
6037543605,4184
6037543606,4051
6037543607,4986
6037543701,3040
6037543703,4207
6037543704,2936
6037543705,3194
6037543801,4470
6037543803,4272
6037543804,4563
6037543903,4127
6037543905,4479
6037544001,3968
6037544002,3835
6037550101,3958
6037550201,2923
6037550202,5095
6037550301,4309
6037550501,3864
6037550502,4141
6037550601,5993
6037550602,3830
6037550700,6803
6037550801,4773
6037550802,1938
6037550901,4742
6037550902,5570
6037551001,3237
6037551002,4346
6037551101,3950
6037551102,5551
6037551201,3541
6037551203,4111
6037551204,3465
6037551300,5670
6037551401,4011
6037551402,5067
6037551501,4713
6037551502,4517
6037551700,6286
6037551801,3315
6037551802,3803
6037551900,5324
6037552001,3853
6037552002,3391
6037552100,5405
6037552200,6115
6037552301,4548
6037552302,4024
6037552400,2318
6037552601,5187
6037552602,3520
6037552700,6593
6037552800,6332
6037552900,6565
6037553000,5107
6037553100,6255
6037553201,3708
6037553202,3459
6037553300,3829
6037553400,3472
6037553502,3629
6037553503,3013
6037553504,4626
6037553601,4518
6037553602,5026
6037553701,3925
6037553702,4614
6037553801,4124
6037553802,6654
6037553901,6492
6037553902,5925
6037554001,4342
6037554002,5739
6037554101,3540
6037554105,4280
6037554106,3943
6037554201,3521
6037554203,3914
6037554204,4821
6037554301,3418
6037554302,4268
6037554403,5592
6037554404,4423
6037554405,3573
6037554406,4771
6037554511,3746
6037554512,6428
6037554513,2473
6037554514,4564
6037554515,3328
6037554516,3632
6037554517,4774
6037554518,5042
6037554519,3243
6037554521,6125
6037554522,4985
6037554600,3968
6037554700,4170
6037554801,2884
6037554802,5920
6037554900,7240
6037555001,5359
6037555002,3808
6037555105,6136
6037555106,2698
6037555107,5422
6037555202,3689
6037555211,5509
6037555212,5609
6037555300,4819
6037570001,4746
6037570002,2523
6037570003,3836
6037570100,2966
6037570202,6850
6037570203,3926
6037570204,4557
6037570303,4052
6037570304,4881
6037570305,4896
6037570306,2963
6037570402,3353
6037570403,3865
6037570404,4005
6037570502,6184
6037570503,3752
6037570504,3210
6037570601,5893
6037570602,5639
6037570603,5566
6037570701,7372
6037570703,2952
6037570800,5313
6037570901,5661
6037570902,3385
6037571000,5598
6037571101,5034
6037571102,3617
6037571201,3819
6037571202,3903
6037571300,4818
6037571400,4987
6037571502,5096
6037571504,5045
6037571505,2889
6037571600,2182
6037571701,6239
6037571703,3430
6037571704,3817
6037571800,3240
6037571900,5971
6037572001,6254
6037572201,5629
6037572202,3372
6037572301,3809
6037572500,3700
6037572600,5005
6037572700,5290
6037573002,3288
6037573003,1723
6037573004,4878
6037573101,4531
6037573102,2891
6037573201,3844
6037573202,6678
6037573300,3840
6037573401,1505
6037573402,7000
6037573403,3058
6037573601,6353
6037573700,5423
6037573800,4155
6037573902,2212
6037574000,5108
6037574100,5151
6037574201,3265
6037574202,2229
6037574300,6677
6037574400,5555
6037574500,6744
6037574602,1267
6037574800,3182
6037574901,3949
6037574902,5507
6037575001,4225
6037575002,4554
6037575101,4279
6037575102,4250
6037575103,5107
6037575201,4335
6037575202,4177
6037575300,4064
6037575401,4259
6037575402,3750
6037575801,2241
6037575802,4450
6037575803,2527
6037575901,3530
6037575902,4869
6037576001,6005
6037576200,5190
6037576301,4756
6037576302,2986
6037576401,3933
6037576402,4256
6037576403,4814
6037576501,2805
6037576502,4997
6037576503,3919
6037576601,4193
6037576602,4601
6037576700,4163
6037576801,3760
6037576802,4426
6037576901,5152
6037576903,4018
6037576904,3098
6037577000,6993
6037577100,7452
6037577200,5893
6037577300,5935
6037577400,2807
6037577501,3333
6037577504,1372
6037577602,3229
6037577604,1655
6037577605,4661
6037577606,3875
6037577700,4681
6037577800,4666
6037577900,5598
6037578000,5360
6037578100,2249
6037599000,3258
6037599100,723
6037600100,7184
6037600201,5151
6037600202,6923
6037600302,2701
6037600303,4178
6037600304,3946
6037600400,4208
6037600501,2510
6037600601,2594
6037600602,2693
6037600702,4638
6037600703,1623
6037600704,3027
6037600801,2866
6037600802,2458
6037600902,6382
6037600911,3542
6037600912,4813
6037601001,2160
6037601002,5022
6037601100,7199
6037601202,3845
6037601211,2996
6037601212,5054
6037601301,1888
6037601302,6513
6037601303,5465
6037601401,6594
6037601402,4450
6037601501,3640
6037601502,3423
6037601600,4067
6037601700,5263
6037601801,3049
6037601802,3454
6037601900,4452
6037602002,3036
6037602003,4220
6037602103,5476
6037602104,5646
6037602105,3880
6037602106,6197
6037602201,4494
6037602202,2882
6037602301,6878
6037602302,4796
6037602402,7194
6037602403,4266
6037602404,5932
6037602504,4849
6037602505,4704
6037602506,4012
6037602507,4678
6037602510,4004
6037602511,4229
6037602512,1889
6037602513,1428
6037602601,4989
6037602602,2659
6037602700,3545
6037602801,4200
6037602802,4438
6037602900,4256
6037603004,1797
6037603005,6471
6037603006,1970
6037603007,3471
6037603008,3833
6037603101,4878
6037603102,3412
6037603200,3340
6037603301,3441
6037603302,4281
6037603400,3846
6037603500,2934
6037603600,4187
6037603702,4776
6037603703,2589
6037603705,2637
6037603706,3550
6037603801,4874
6037603802,4020
6037603901,3807
6037603902,3486
6037604001,4617
6037604002,3783
6037604101,3875
6037604102,2651
6037604200,5837
6037609900,1731
6037620001,4209
6037620002,3408
6037620101,5411
6037620102,3835
6037620201,1548
6037620301,4223
6037620303,4653
6037620305,6038
6037620400,5218
6037620501,5808
6037620521,4586
6037620522,4616
6037620601,6165
6037620602,5846
6037620701,7125
6037620703,3637
6037620704,3817
6037620801,3966
6037620802,3479
6037620901,2677
6037620904,2782
6037621001,4552
6037621005,4749
6037621102,3390
6037621104,6557
6037621201,7095
6037621204,2729
6037621301,7177
6037621324,3497
6037621326,3098
6037621400,4618
6037650001,6024
6037650003,3032
6037650004,4386
6037650101,5080
6037650102,2166
6037650200,5921
6037650300,7894
6037650401,4473
6037650501,2779
6037650502,4214
6037650603,3742
6037650604,5393
6037650605,2762
6037650606,4217
6037650607,2680
6037650701,2555
6037650702,4605
6037650801,3864
6037650802,3629
6037650901,4963
6037650903,4701
6037650904,2457
6037651001,5272
6037651002,4797
6037651101,4678
6037651102,4059
6037651201,4621
6037651221,3614
6037651222,6221
6037651302,5816
6037651304,5015
6037651401,2418
6037651402,5451
6037670001,3479
6037670002,3259
6037670003,6008
6037670101,3663
6037670102,4000
6037670201,3647
6037670202,2559
6037670324,5485
6037670326,3237
6037670328,4325
6037670405,2711
6037670406,1712
6037670407,5849
6037670413,4814
6037670416,4101
6037670417,2780
6037670418,4438
6037670500,1511
6037670603,1856
6037670604,4953
6037670701,6486
6037670702,5891
6037700101,5536
6037700102,4505
6037700200,6694
6037700300,5541
6037700400,4486
6037700501,4190
6037700502,4138
6037700600,5117
6037700700,3121
6037700801,4072
6037700802,4015
6037700901,4072
6037700902,6483
6037701000,5075
6037701201,3699
6037701202,3314
6037701302,4645
6037701304,5930
6037701402,7371
6037701501,4842
6037701502,3788
6037701601,4112
6037701602,4507
6037701701,3303
6037701702,3102
6037701801,5971
6037701802,5048
6037701902,5484
6037702002,6037
6037702102,5641
6037702201,3996
6037702202,3937
6037702300,6801
6037702400,4758
6037702501,4727
6037702502,4280
6037702600,6053
6037702700,3349
6037702801,5564
6037702802,2266
6037702803,2941
6037702900,8844
6037703002,7434
6037703003,6055
6037703100,6069
6037703200,5675
6037800101,5715
6037800103,3682
6037800104,3921
6037800202,5943
6037800204,4162
6037800205,4003
6037800206,3590
6037800324,6421
6037800325,3703
6037800328,1267
6037800333,2188
6037800334,3502
6037800335,4296
6037800336,3947
6037800337,3419
6037800338,6411
6037800406,1948
6037800410,3647
6037800411,2475
6037800412,3688
6037800504,2024
6037800506,3037
6037900102,633
6037900103,6581
6037900104,6910
6037900301,4678
6037900501,7963
6037900504,6592
6037900505,4404
6037900506,5072
6037900508,3716
6037900509,4527
6037900510,4043
6037900602,5449
6037900606,4676
6037900607,4953
6037900608,3930
6037900609,5163
6037900610,3313
6037900611,4435
6037900701,4844
6037900703,5172
6037900704,3395
6037900705,4011
6037900804,3558
6037900805,5956
6037900806,4342
6037900807,4197
6037900808,5047
6037900901,3252
6037900902,1388
6037901003,3394
6037901007,2104
6037901008,3268
6037901009,5874
6037901010,5502
6037901011,4859
6037901012,6365
6037901013,3378
6037901014,5054
6037901101,5689
6037901102,5412
6037901209,951
6037901210,1637
6037901214,4927
6037901215,3596
6037901216,2602
6037901217,1536
6037901218,2404
6037901300,1862
6037910002,7197
6037910210,7166
6037910211,1751
6037910212,3322
6037910213,1464
6037910214,5593
6037910215,6943
6037910216,5164
6037910217,5678
6037910218,4263
6037910301,4413
6037910302,6396
6037910401,5995
6037910404,4405
6037910405,5851
6037910501,5719
6037910502,4301
6037910504,4032
6037910505,3172
6037910601,6495
6037910602,4670
6037910605,5113
6037910606,3239
6037910607,4225
6037910608,4023
6037910706,6824
6037910707,5192
6037910709,1712
6037910712,3251
6037910713,7157
6037910714,4052
6037910715,7006
6037910716,6277
6037910717,2277
6037910718,5536
6037910719,4546
6037910720,5320
6037910721,3823
6037910804,3060
6037910807,5954
6037910808,3918
6037910809,2297
6037910810,2849
6037910814,3108
6037910815,5152
6037911001,3546
6037911100,7331
6037920013,7870
6037920015,6383
6037920016,5004
6037920017,4261
6037920018,2058
6037920020,5993
6037920028,8740
6037920029,3741
6037920030,5754
6037920031,6117
6037920034,4318
6037920035,8980
6037920038,3098
6037920039,1615
6037920040,3270
6037920041,3072
6037920042,6840
6037920043,8603
6037920044,2626
6037920045,4441
6037920046,3605
6037920047,7009
6037920048,5502
6037920049,6133
6037920050,1024
6037920102,4734
6037920104,2897
6037920106,3576
6037920109,4646
6037920110,2891
6037920111,3065
6037920112,3927
6037920114,5358
6037920115,4048
6037920116,4949
6037920118,6248
6037920119,1813
6037920120,4045
6037920121,10967
6037920200,4186
6037920303,1564
6037920312,6398
6037920313,5021
6037920314,3158
6037920322,2597
6037920326,7191
6037920328,1967
6037920329,6169
6037920330,3454
6037920331,3564
6037920332,2062
6037920334,5943
6037920338,5749
6037920339,8917
6037920340,2830
6037920341,3004
6037920342,3131
6037920343,4087
6037930400,1309
6037980001,0
6037980002,0
6037980003,0
6037980004,0
6037980005,0
6037980006,0
6037980007,0
6037980008,73
6037980009,5
6037980010,143
6037980011,101
6037980012,20
6037980013,0
6037980014,40
6037980015,1111
6037980016,371
6037980017,1362
6037980018,0
6037980019,75
6037980020,0
6037980021,16
6037980022,0
6037980023,47
6037980024,205
6037980025,442
6037980026,15
6037980028,0
6037980030,0
6037980031,970
6037980033,14
6037980034,0
6037980035,642
6037980036,606
6037980037,0
6037980038,0
6037980039,0
6037990100,0
6037990200,0
6037990300,0
